[
  {
    "endpoint": "/api/users",
    "param1": "1",
    "expectedId": "1",
    "expectedEmail": "george.bluth@reqres.in",
    "expectedFirstName": "George",
    "expectedLastName": "Bluth",
    "expectedAvatar": "https://reqres.in/img/faces/1-image.jpg",
    "expectedSupportUrl": "https://reqres.in/#support-heading",
    "expectedSupportText": "To keep ReqRes free, contributions towards server costs are appreciated!"
  },
  {
    "endpoint": "/api/users",
    "param1": "2",
    "expectedId": "2",
    "expectedEmail": "janet.weaver@reqres.in",
    "expectedFirstName": "Janet",
    "expectedLastName": "Weaver",
    "expectedAvatar": "https://reqres.in/img/faces/2-image.jpg",
    "expectedSupportUrl": "https://reqres.in/#support-heading",
    "expectedSupportText": "To keep ReqRes free, contributions towards server costs are appreciated!"
  }
]
